m_br_mean,m_c_mean,m_br_low-cred,m_c_low-cred,m_br_median,m_c_median,m_br_high-cred,m_c_high-cred,time (h)
99.88010686880968,-0.007010365651767299,98.09746996326076,-0.10482155617510548,99.85405819811069,-0.0022307199276682846,101.6516864714686,0.09560342874880583,0.0
98.55712236076496,0.04413064986384035,96.83220516964239,-0.058337881468075836,98.56520836398155,0.04449398415134201,100.36426709322488,0.14404985253612398,1.0
82.71375422530383,0.7773997059590412,80.4276540207938,0.5976156644072191,82.26226858175716,0.7213312400683616,84.50880959749388,0.8544978713379563,5.0
38.596392148956625,0.588509590186791,36.3185965690945,0.44186884992958286,38.71584379461373,0.5547864478965345,40.89556323471072,0.6746784460278127,16.0
15.997549231944927,0.2464714866342677,14.033128713477888,0.12873273776232108,16.192385946825446,0.23721522398823872,18.232515078817382,0.33552733251292927,28.0
