m_br_mean,m_c_mean,m_br_low-cred,m_c_low-cred,m_br_median,m_c_median,m_br_high-cred,m_c_high-cred,time (h)
100.03524902245127,-0.0004422896352420846,98.4759224175213,-0.09511462207522052,99.98673741329245,0.00047523149244045224,101.60566261658889,0.09396217961814579,0.0
98.50728734745454,0.06468738161787417,96.92493622973635,-0.04738914737103624,98.51647079418746,0.04743585168395154,100.0566015790848,0.14366309787286083,1.0
81.49593603495687,0.9110690465057044,79.55168176207722,0.6091313131999607,81.21308212404625,0.7289176849520302,83.0086794702731,0.8531774066149901,5.0
38.0583256778446,0.6798893190992344,36.171180503793565,0.4629234350012426,38.09024979877567,0.5711596514160528,40.1015143515371,0.6976639450548795,16.0
16.156372409603676,0.3030369718895742,14.50414842984747,0.14571792498584335,16.361709615776178,0.24469620883537957,18.203608574145385,0.3465786037035901,28.0
