m_br_mean,m_c_mean,m_br_low-cred,m_c_low-cred,m_br_median,m_c_median,m_br_high-cred,m_c_high-cred,time (h)
,,96.50577449289214,-0.7608707007620898,99.92009671389961,-0.08382842093407748,102.58899458204117,0.760243391501134,0.0
,,80.18404471424265,3.6370873086423687,88.12238945238735,6.833725150457443,94.04346299773178,15.300870359712551,1.0
,,14.427266656188586,12.68240787296521,24.464134326386947,15.978544694507312,37.6782376117511,20.15065685218614,5.0
,,-1.535040930614477,0.26582996036657625,2.5486021848975606,1.1830854580642443,7.2566526234312505,2.1426204513136438,16.0
,,-2.0007737358565825,-0.44546649926361076,0.7476245396685995,0.21969968160473521,5.219676697732093,0.8811840175728252,28.0
