m_br_mean,m_c_mean,m_br_low-cred,m_c_low-cred,m_br_median,m_c_median,m_br_high-cred,m_c_high-cred,time (h)
,,98.39400459152971,-0.27868397534853806,99.84575939457423,-0.0035827711149786167,101.0128837026761,0.3075751664734553,0.0
,,82.36998137454641,3.9338661148981107,88.60801957671711,7.324117699997093,92.64444847540543,17.210961110836738,1.0
,,14.775533919229764,12.44587261993758,22.482536207699912,16.344455170392777,36.26967822404994,20.162104907031726,5.0
,,0.4017196411637185,0.5369140073957405,2.416849229086732,1.2182890512487083,5.707880359092518,1.927718631483621,16.0
,,-0.7209907512225505,-0.02589007753321351,0.5014146067515972,0.3058175712351643,2.554630826268487,0.7784198273961337,28.0
