WAIC,std
31.47274138151339,11.84967970229212
