WAIC,std
29.87291211532148,13.130421865766058
