m_br_mean,c_b_mean,m_br_low-cred,c_b_low-cred,m_br_median,c_b_median,m_br_high-cred,c_b_high-cred,time (h)
19.798414070029924,-3.0158983084050887e-5,19.60493425482175,-0.001621486115827134,19.752236270086637,-0.0002166902806438653,19.959521412323866,0.0014448410693003266,0.0
,0.0001570128841161341,,-0.0010416836148597023,,0.00017202588188773685,,0.0018153763731204298,0.25
,0.0006154386804330524,,-0.0007037071472744928,,0.0008436117933993787,,0.0026493909441892677,0.5
,0.0010607232503083985,,-0.0013077360983113373,,0.0010112134952844432,,0.002726893021703635,0.75
,0.0022112081150806053,,0.0003735283252033035,,0.0022460492017209264,,0.0043867859814088256,1.0
,0.00378005621744324,,0.0018946580831190113,,0.0035832927154126836,,0.005646352021840612,1.25
,0.004378227462961291,,0.0025552961150129123,,0.00433100267212728,,0.006218061318001442,1.5
,0.005154213270577778,,0.0029117032483441762,,0.005162907979291446,,0.00761992041632089,1.75
4.7342854772743435,0.005635572985887013,4.119964467194784,0.0034825127811393838,4.820932417687088,0.00571590902926419,5.36673303461556,0.007714652810547029,2.0
