WAIC,std
-139.62809457659677,35.81629369423135
