m_br_mean,m_c_mean,m_br_low-cred,m_c_low-cred,m_br_median,m_c_median,m_br_high-cred,m_c_high-cred,time (h)
100.14684186214193,-0.027632537803368048,95.33848895159116,-0.16980336328938914,100.40365863492558,-0.0072544475322316015,104.68318449064441,0.14189445454563562,0.0
97.74791395728663,0.30948472744664784,93.37164384096359,0.13203590906633494,97.99488123082006,0.3209242790393262,102.45273617864505,0.48863819544997256,1.0
78.46892096549146,1.7307743907727429,73.77809050731963,1.4944962719112937,79.28789362548841,1.7217064550191914,83.94262277472694,1.9328642605041944,5.0
38.61543875671386,0.9806263181972381,33.475204730291296,0.7174619317394599,39.75713186058664,0.9270419189283771,45.51844992580437,1.1469976685713243,16.0
18.363152436502364,0.4774012011599877,13.31630533891534,0.2282706685047376,18.99848321071642,0.42442775012324785,24.584914572462697,0.6377779745139462,28.0
