m_br_mean,m_c_mean,m_br_low-cred,m_c_low-cred,m_br_median,m_c_median,m_br_high-cred,m_c_high-cred,time (h)
99.82237317421175,0.004268431595170553,96.26570577085913,-0.19504371194073972,99.79836976761115,0.004367627321766944,103.1792348033488,0.1878472834391064,0.0
98.16514198049738,0.2858254967358836,94.6505677380606,0.08658289420495245,98.32025720050092,0.29844160365269135,101.67161224781181,0.4921296462945325,1.0
79.85909722315407,1.7173998549785665,76.20237155399118,1.4287625477397015,79.63986241874852,1.6780669303156952,83.78448420675821,1.9519051618049186,5.0
41.417657918072756,1.0462164010944264,37.17242323657497,0.7780555549633457,41.64346073843119,0.9938106481725183,45.85746931007749,1.2374064189415952,16.0
20.451746844414384,0.5129487915956938,16.53142632687225,0.2818749338192691,20.63236462884622,0.4840716847377693,24.605837079271325,0.7005245864230979,28.0
