m_br_mean,m_c_mean,m_br_low-cred,m_c_low-cred,m_br_median,m_c_median,m_br_high-cred,m_c_high-cred,time (h)
,,97.3273255172503,-0.5306230627088201,100.1742820253359,-0.0011721258531197979,103.02658290196977,0.5467713812009515,0.0
,,62.276336832417755,9.456301142850155,70.76941280972667,12.499451405250394,78.14725225562549,19.63884108993427,1.0
,,6.415909303689933,9.306588327253012,11.923669197208367,10.686759335064451,18.314359274383378,12.111876094193594,5.0
,,-2.3805248707928834,-0.3259525222443652,0.40806321754508457,0.2073535243948386,3.716101280017886,0.8811199521088409,16.0
,,-3.133301780809678,-0.6721891116720161,0.08714402019191463,-0.018991575695864425,3.193463902199008,0.5317084853003327,28.0
