m_br_mean,m_c_mean,m_br_low-cred,m_c_low-cred,m_br_median,m_c_median,m_br_high-cred,m_c_high-cred,time (h)
100.10660882737562,0.038278806507290604,98.819539378766,-0.3162929516783224,100.08152940903099,0.008950265388978125,101.56695061402505,0.4005938183648141,0.0
66.56120070982071,20.973665521032558,60.29628835039655,9.927614011530268,69.14690182401502,13.391114519250955,76.60987394825061,20.666233965089653,1.0
12.062450284365184,10.925695683284731,6.734502043292661,9.74349682059956,10.829667572409644,10.983139322151782,15.481399382891343,12.227473514724865,5.0
0.8172542607469088,0.2716091772446536,-0.8825895428333799,-0.04346472294845018,0.442312506367899,0.26470128443267926,2.2863926166743456,0.6219207033148938,16.0
-0.07051691591607084,0.09813863177879903,-1.4244075414844177,-0.1726962231583171,0.054614683768533845,0.07448776072401539,1.3787021319136428,0.3680565350562853,28.0
