WAIC,std
44.6884061537496,14.818605108610921
