WAIC,std
45.987302808589625,15.145128965752493
