m_br_mean,c_b_mean,m_br_low-cred,c_b_low-cred,m_br_median,c_b_median,m_br_high-cred,c_b_high-cred,time (h)
19.765070151134402,6.413217295233084e-7,19.20630134616206,-3.953490038892707e-5,19.7661013613209,1.1111857387034765e-6,20.351058252944664,4.0331500596657426e-5,0.0
,1.5262678507905074e-5,,-2.2689850431547343e-5,,1.5787240450010017e-5,,5.4164975090712206e-5,0.25
,7.716161887803012e-5,,3.854481861215727e-5,,8.062661787012226e-5,,0.00011959257288120342,0.5
,0.00021061988822377743,,0.00017243121967484658,,0.0002102192761152939,,0.00025177518944835504,0.75
,0.00039967254357844463,,0.0003593125454248678,,0.00040058143109616853,,0.0004378457268580836,1.0
,0.0006358954615375797,,0.0005955780950350663,,0.0006390066240007442,,0.0006781916110414892,1.25
,0.0009143213710540701,,0.0008727328765941833,,0.0009154876915471173,,0.0009573569304761438,1.5
,0.0012155126523978482,,0.0011709384408258407,,0.001218582168718295,,0.0012621399147713297,1.75
14.251866421070039,0.0015394146188137544,13.728081896672265,0.0014924245912801887,14.431532584632727,0.0015403995144580183,15.016142030155883,0.0015870795386792168,2.0
