m_br_mean,c_b_mean,m_br_low-cred,c_b_low-cred,m_br_median,c_b_median,m_br_high-cred,c_b_high-cred,time (h)
19.734096732248275,-2.7210007013570004e-6,19.432953817171214,-4.4514068207212015e-5,19.720902871175365,-4.563095728470068e-6,20.0475751976007,3.626592313368428e-5,0.0
,1.4801139902613362e-5,,-2.446867433939461e-5,,1.3181371154315926e-5,,5.3266715438087084e-5,0.25
,7.912964207921793e-5,,3.990495736483436e-5,,7.8427223097153e-5,,0.00011803832475251996,0.5
,0.00021273377984872496,,0.00017424675161648636,,0.00021437984742480172,,0.00025484729103985096,0.75
,0.00039348914424699885,,0.00035354346625526394,,0.0003948025093913545,,0.0004361133155469811,1.0
,0.0006277366203645457,,0.0005896008514692262,,0.0006318172204233176,,0.000673699448203868,1.25
,0.000900351324613531,,0.0008579666047986483,,0.0009058889569419466,,0.0009479554060378904,1.5
,0.001198859670697389,,0.0011545660029795735,,0.0012014802671658983,,0.001248935008333057,1.75
14.49556516428019,0.0015131630662531812,14.186149225690695,0.0014669894426038415,14.535694099656297,0.0015160971315822203,14.857464134549092,0.0015650267807102874,2.0
