m_br_mean,c_b_mean,m_br_low-cred,c_b_low-cred,m_br_median,c_b_median,m_br_high-cred,c_b_high-cred,time (h)
19.774899738650717,-0.00025910469830158254,19.092916969968975,-0.0014685402016088,19.735329678896512,-7.937476675931314e-5,20.613453046667587,0.0013677850748313293,0.0
,-1.8888029171203514e-5,,-0.001817072458394522,,0.00010004036735326388,,0.001421605900452398,0.25
,0.00025947518610955274,,-0.001257281710832774,,0.0005158619656180579,,0.001988341063562368,0.5
,0.001302572681652764,,-0.00011842530544708947,,0.001264916490642453,,0.00285790785917313,0.75
,0.0021698998518358695,,0.0006991249994444775,,0.002323008806128621,,0.0037832159458224273,1.0
,0.0025568473860148213,,0.0008468331382043091,,0.002619111441756382,,0.0043504204226619755,1.25
,0.0035617633891561916,,0.0021392229184717666,,0.0036834715807019277,,0.00524469989946105,1.5
,0.004965839015325679,,0.003202461912741231,,0.0049723414655380065,,0.007017191961944992,1.75
5.424220879792188,0.005871231674195638,4.445169780788376,0.00392431805647819,5.356850848687141,0.005547449883395656,6.287206917110758,0.007388785751126413,2.0
