m_br_mean,c_b_mean,m_br_low-cred,c_b_low-cred,m_br_median,c_b_median,m_br_high-cred,c_b_high-cred,time (h)
19.73707060580072,-0.00012969059763218697,19.586791864003178,-0.001794158741840134,19.745170823816963,-2.080549450795946e-5,19.918511389396933,0.0014185043079068627,0.0
,0.0003892657186730444,,-0.0008554142662231502,,0.0002174897544610943,,0.0018681389000960208,0.25
,0.0005763815142178576,,-0.0009447759803612519,,0.0006787919212689782,,0.0019634830126664194,0.5
,0.0010668045502444897,,-0.00039959748341490133,,0.0011333845217880577,,0.0025325710718571105,0.75
,0.002181255723167391,,0.00037564786301278857,,0.002261277830455468,,0.004180657548153228,1.0
,0.0030206032686604994,,0.0014951856540944615,,0.003373125213034205,,0.00498999892810166,1.25
,0.004055043384345015,,0.001998439394535598,,0.0038974886760320482,,0.006306064447150684,1.5
,0.005277697643192369,,0.003220190025775101,,0.005094998993253103,,0.007496998660342352,1.75
4.648088812165155,0.005345001331509637,4.193854420283398,0.0036425773365784614,4.839336126087181,0.005495824293853524,5.328040966330143,0.007478116739360569,2.0
