WAIC,std
-136.42622757450204,31.302512195424608
