WAIC,std
-134.5832235585709,32.635426480721705
