m_br_mean,m_c_mean,m_br_low-cred,m_c_low-cred,m_br_median,m_c_median,m_br_high-cred,m_c_high-cred,time (h)
99.97878959739867,-0.002190705951003826,97.74005576499627,-0.1580343499780555,99.97709902834664,0.002183879299055543,102.40145096002065,0.15048829442895276,0.0
96.94848004752473,0.5056455048768909,94.6164653811687,0.33055200267036944,97.0156694404073,0.5015690090095846,99.3758457725848,0.6705985602073146,1.0
77.15296951886556,1.7221947213170161,74.6195074405281,1.4908283257061556,77.27715799062398,1.7027587433817541,79.96215048838289,1.9023659893558245,5.0
39.77996045820507,0.9872630988555542,37.078154971204185,0.7802657950367908,39.9754322145049,0.9506146610122719,42.8736268545838,1.1310398453280637,16.0
19.59444220780113,0.4641927092106048,16.851744221088385,0.28913386547591474,19.80453056120547,0.44517248287318495,22.63698488930858,0.6155472967819033,28.0
