m_br_mean,m_c_mean,m_br_low-cred,m_c_low-cred,m_br_median,m_c_median,m_br_high-cred,m_c_high-cred,time (h)
100.01329958535092,-0.0036846123718646145,97.13233226539322,-0.1357038736622225,99.94554180417343,8.19384125552733e-5,102.71891805695945,0.1358983571480189,0.0
97.0853862271113,0.5360124207816545,94.18547441557851,0.3770901308366982,96.95289412796626,0.5404262501749786,99.9976589860783,0.6809887583929496,1.0
76.70248868871565,1.7670312082139035,74.00335003183466,1.5428990574671784,77.21396436946759,1.719155173928749,80.37095144796783,1.8981865920499967,5.0
38.83723791033366,0.9582781946486915,36.13458979146363,0.758693849218963,39.709902174197794,0.9100946911639605,42.948026110522065,1.083162356478607,16.0
18.63822810560119,0.46004220725006706,15.776191626195182,0.2847523952170874,19.140663387556582,0.43391165449695557,22.405836947051807,0.6005667877463744,28.0
