m_br_mean,m_c_mean,m_br_low-cred,m_c_low-cred,m_br_median,m_c_median,m_br_high-cred,m_c_high-cred,time (h)
99.89994997549826,-0.0014589783287540486,97.18554604730986,-0.1510806702104132,99.82314254642293,-0.0036341474545562493,102.39851379205273,0.15497243275455444,0.0
96.85432129543187,0.4801365483494853,94.1407971047244,0.3096652470801647,96.88178450705125,0.48518098693933365,99.69941936088618,0.6535674579327069,1.0
76.8195910739331,1.763258740358227,74.1975815769994,1.5207762483933134,77.23081493662247,1.7044067163044945,79.88959260078774,1.914747108816732,5.0
39.23769900328291,1.0106291615075615,36.418448826008074,0.7810267336296153,40.03926371241027,0.9523644031860337,43.32730377661186,1.1401933293453814,16.0
19.147877298929036,0.47207004863069535,16.30990172953964,0.2769514777509874,19.622260923703138,0.4325071931069754,22.75244303914964,0.6097449539328875,28.0
