m_br_mean,m_c_mean,m_br_low-cred,m_c_low-cred,m_br_median,m_c_median,m_br_high-cred,m_c_high-cred,time (h)
100.07029421953793,-0.04925950764021364,98.6923604740395,-0.39369585646555144,100.14245720809498,-0.00853706258646058,101.81506114183021,0.26839844870111323,0.0
56.47505620254706,20.75098553785351,51.463136880646,14.337755552944927,57.88799864482978,17.182079412135202,64.23326594051917,21.201764616962304,1.0
7.715124119825561,8.82454274500788,5.050747233505605,7.917553011718752,7.5177194171553525,9.18997540857361,10.068773490202577,10.168371008302199,5.0
0.1254119341409668,-0.014602195565382869,-1.5141517267452165,-0.3562411909323186,0.14721759581844807,0.01728869960486402,1.8899358985664876,0.30599977555497415,16.0
0.39904537930397743,0.0656270526505862,-1.3147768054618814,-0.2698987623677864,0.28619197411960845,0.04212987326752367,1.9116535725346797,0.4317760516950384,28.0
