m_br_mean,m_c_mean,m_br_low-cred,m_c_low-cred,m_br_median,m_c_median,m_br_high-cred,m_c_high-cred,time (h)
100.06301747410654,-0.03959447259769105,97.42158336043346,-0.660674107002388,99.7934805627705,0.008217538446425155,102.80047549273853,0.5987797618785606,0.0
57.00232178986898,22.40441285711691,50.053341781883205,14.792954595838706,58.19275876713978,18.133222824479756,64.87595610344692,24.158823201357592,1.0
7.274587992449815,8.460537104230688,3.124297983796297,7.124287227973893,7.289061494048957,8.517303111011614,10.797421877256717,10.016219756814221,5.0
1.2827471350402435,0.09051403383051598,-1.855106567730345,-0.5232328094188438,0.6204412679464253,0.1939004846584899,3.5362210592619774,0.7581945237892297,16.0
0.006257234077095859,0.10303958088729684,-3.205091242325056,-0.5748137594761877,0.08432750094100464,0.03489265775775917,3.448388643595066,0.649353390722452,28.0
