m_br_mean,m_c_mean,m_br_low-cred,m_c_low-cred,m_br_median,m_c_median,m_br_high-cred,m_c_high-cred,time (h)
99.21724698235022,-0.11982236305266379,96.79915223359288,-0.49313554309304497,99.66298635660544,-0.07706441964232308,102.61619703366459,0.18668901976936517,0.0
63.94834534053733,15.080967152251375,58.4692311912765,11.970445954469454,63.66369217812558,14.357504783554758,70.30333668294155,16.50980041050752,1.0
9.944125472432486,9.272017024482869,5.039188427809973,8.496819579674545,9.530490975704382,9.350676454072719,13.929890929599598,10.152785020451848,5.0
1.0069211545841674,0.218747869217986,-2.217364440563975,-0.07228565568329831,0.6427725209591165,0.18904314605544192,3.756732352891494,0.5601409872182889,16.0
-0.01339730754271088,-0.02021046455353006,-3.0556263918013586,-0.2727037502795343,0.023147714991952322,0.017620179821976296,3.2771601521200098,0.2957721874421001,28.0
