WAIC,std
37.48031899316676,12.356157770447044
