WAIC,std
38.791713232230585,12.69053656265
