WAIC,std
38.30213713062971,13.592689303425198
