m_br_mean,m_c_mean,m_br_low-cred,m_c_low-cred,m_br_median,m_c_median,m_br_high-cred,m_c_high-cred,time (h)
97.69476343369534,-0.0015494442419553666,95.12214520188898,-0.12693019970484667,97.71353362690955,0.004757849942693968,100.1457193098608,0.13775781001876033,0.0
94.79197954012453,0.5476779645869744,92.17303217608067,0.3998136552124409,94.84780265624198,0.5555065233487897,97.3583177599742,0.7129933468380055,1.0
75.42338454023383,1.71901378021077,72.87629510225403,1.5204088266226428,75.57710660486859,1.7028829631395304,78.12854904449257,1.8780832465848334,5.0
38.70268564071291,0.9444044626493252,35.725641644383614,0.7678659192349206,39.01214964614344,0.9053040309723905,42.164893039530185,1.066981844666648,16.0
19.050109283468856,0.466084025802345,16.228523322343346,0.2953118355096524,19.234485706189062,0.434426198315513,22.180652773617457,0.5894546145482346,28.0
