m_br_mean,m_c_mean,m_br_low-cred,m_c_low-cred,m_br_median,m_c_median,m_br_high-cred,m_c_high-cred,time (h)
100.15730089554283,-0.023390788103011633,98.5036543285521,-0.3576383530663208,99.99436651191027,-0.00844118744155256,101.45343839147877,0.2998756739965374,0.0
56.89477017684658,20.844126271234938,50.457741094842895,13.5997815315549,57.91028541974655,17.12763045272341,64.2714928257175,21.81150939590167,1.0
7.751503297454673,8.797812814526955,4.620761546037561,7.343588774281873,7.472513637688815,8.701269106872545,10.185817020232106,10.330470250097846,5.0
0.17813557559566634,0.19024895364904673,-0.8627534229244527,-0.13991515980260175,0.21372319484331517,0.14204638388834606,1.885430346392035,0.5407484183055431,16.0
0.1691485435074533,0.014778069022440221,-1.381650974758939,-0.2727467413050943,0.09160114427487326,0.011378755242770626,1.6676479677885805,0.31005330513900575,28.0
