WAIC,std
36.83889765593021,16.038829624965025
